INSERT INTO Locations (LocationID, Address, Region, PostalCode)
VALUES
  (1, '1, Azatutyun Ave.', 'Arabkir', '0031'),
  (2, '16, Khorenatsi Str.', 'Kentron', '0013'),
  (3, '12, Gai Ave.', 'Nor Nork', '0053'),
  (4, '40, Baghramyan Ave.', 'Kentron', '0042'),
  (5, '74, Gyulbenkyan Str.', 'Arabkir', '0001');

INSERT INTO Pharmacy (PharmacyID, Phone, OpeningHours, ClosingHours, LicenseNumber, LocationID) VALUES
(1, '+37437126787', '09:00', '00:00', 'LN00001', 1),
(2, '+37455594433', '09:00', '00:00', 'LN00002', 2),
(3, '+37460110601', '00:00', '00:00', 'LN00003', 3),
(4, '+37477169685', '00:00', '00:00', 'LN00004', 4),
(5, '+37497185325', '00:00', '00:00', 'LN00005', 5);

INSERT INTO Employee (EmployeeID, Name, Position, Schedule, PhoneNumber, Email, HireDate, PharmacyID) VALUES
(1, 'Shushan Grigoryan', 'Clerk', 'Thu, Mon, Sat, Sun, Wed: 18:00-00:00', '+37444223988', 'shushan.grigoryan@gmail.com', '2019-05-27', 5),
(2, 'Levon Harutyunyan', 'Manager', 'Tue, Sat, Fri, Wed, Mon: 09:00-18:00', '+37440167934', 'levon.harutyunyan@gmail.com', '2023-10-30', 5),
(3, 'Aram Sahakyan', 'Manager', 'Sat, Wed, Tue, Sun, Thu: 09:00-18:00', '+37471400764', 'aram.sahakyan@gmail.com', '2021-09-02', 1),
(4, 'Levon Sargsyan', 'Assistant', 'Tue, Mon, Fri, Wed, Sun: 00:00-09:00', '+37484765652', 'levon.sargsyan@gmail.com', '2023-03-11', 5),
(5, 'Ani Sargsyan', 'Assistant', 'Thu, Tue, Sat, Mon, Sun: 09:00-18:00', '+37436919403', 'ani.sargsyan@gmail.com', '2022-02-01', 1),
(6, 'Nune Ghazaryan', 'Clerk', 'Sun, Sat, Tue, Fri, Wed: 09:00-18:00', '+37426955820', 'nune.ghazaryan@gmail.com', '2021-08-09', 1),
(7, 'Tigran Khachatryan', 'Cashier', 'Wed, Fri, Sat, Tue, Sun: 00:00-09:00', '+37473213260', 'tigran.khachatryan@gmail.com', '2021-05-06', 4),
(8, 'Siranush Harutyunyan', 'Pharmacist', 'Fri, Sun, Wed, Thu, Tue: 09:00-18:00', '+37449113249', 'siranush.harutyunyan@gmail.com', '2019-08-01', 3),
(9, 'Tigran Grigoryan', 'Clerk', 'Sat, Tue, Thu, Fri, Wed: 09:00-18:00', '+37450838432', 'tigran.grigoryan@gmail.com', '2023-01-10', 1),
(10, 'Gor Hovhannisyan', 'Manager', 'Tue, Fri, Thu, Sun, Sat: 09:00-18:00', '+37447502749', 'gor.hovhannisyan@gmail.com', '2020-08-06', 5),
(11, 'Arman Ghazaryan', 'Assistant', 'Mon, Wed, Tue, Sat, Fri: 00:00-09:00', '+37495861054', 'arman.ghazaryan@gmail.com', '2022-11-03', 3),
(12, 'Tigran Petrosyan', 'Manager', 'Wed, Sat, Tue, Sun, Mon: 09:00-18:00', '+37455701455', 'tigran.petrosyan@gmail.com', '2024-04-19', 2),
(13, 'Shushan Simonyan', 'Pharmacist', 'Sat, Sun, Tue, Wed, Mon: 09:00-18:00', '+37472758327', 'shushan.simonyan@gmail.com', '2023-02-20', 5),
(14, 'Arman Harutyunyan', 'Pharmacist', 'Tue, Mon, Sat, Sun, Wed: 09:00-18:00', '+37451169777', 'arman.harutyunyan@gmail.com', '2021-01-10', 3),(15, 'Arman Hovhannisyan', 'Manager', 'Sat, Thu, Tue, Fri, Sun: 09:00-18:00', '+37465248955', 'arman.hovhannisyan@gmail.com', '2020-05-15', 5),
(16, 'Suren Sahakyan', 'General Manager', 'Tue, Sat, Wed, Thu, Sun: 09:00-18:00', '+37411529165', 'suren.sahakyan@gmail.com', '2024-03-26', 2),
(17, 'Hasmik Harutyunyan', 'Clerk', 'Fri, Sat, Thu, Mon, Wed: 18:00-00:00', '+37425528798', 'hasmik.harutyunyan@gmail.com', '2022-04-04', 5),
(18, 'Artur Grigoryan', 'Assistant', 'Mon, Fri, Tue, Sat, Sun: 09:00-18:00', '+37452348911', 'artur.grigoryan@gmail.com', '2022-09-25', 3),
(19, 'Mariam Ghazaryan', 'Assistant', 'Mon, Tue, Fri, Sat, Wed: 18:00-00:00', '+37420547927', 'mariam.ghazaryan@gmail.com', '2020-02-21', 2),
(20, 'Siranush Sahakyan', 'Pharmacist', 'Fri, Sat, Thu, Tue, Wed: 09:00-18:00', '+37487141994', 'siranush.sahakyan@gmail.com', '2020-12-24', 1);

INSERT INTO Supplier (SupplierID, CompanyName, ContactName, ContactNumber, Email, Address)VALUES
(1, 'ABC Pharmaceuticals', 'John Doe', '123-456-7890', 'john.doe@abcpharma.com', '123 Pharma Street, Medicinetown, MT 12345'),(2, 'XYZ Supplies', 'Jane Smith', '234-567-8901', 'jane.smith@xyzsupplies.com', '456 Supply Ave, Careville, CV 23456'),
(3, 'Acme Meds', 'Bob Brown', '345-678-9012', 'bob.brown@acmemeds.com', '789 Meds Blvd, Healthcity, HC 34567'),(4, 'Healing Goods Co', 'Alice Green', '456-789-0123', 'alice.green@healinggoods.com', '012 Goods Lane, Cureburg, CB 45678'),
(5, 'Potion Providers', 'Carlos Red', '567-890-1234', 'carlos.red@potionproviders.com', '345 Potion Circle, Brewtown, BT 56789'),(6, 'Elixir Essentials', 'Grace Blue', '678-901-2345', 'grace.blue@elixiressentials.com', '678 Elixir Rd, Mixville, MX 67890'),
(7, 'Cureall Chemists', 'Ethan Black', '789-012-3456', 'ethan.black@cureallchemists.com', '901 Chemist Parkway, Remedyburg, RB 78901'),(8, 'Remedy Resellers', 'Sophia White', '890-123-4567', 'sophia.white@remedyresellers.com', '234 Remedy Route, Healington, HT 89012'),
(9, 'Aid Apothecaries', 'Lucas Grey', '901-234-5678', 'lucas.grey@aidapothecaries.com', '567 Aid Ave, Antidotetown, AT 90123'),(10, 'Benefit Brokers', 'Lily Yellow', '012-345-6789', 'lily.yellow@benefitbrokers.com', '890 Benefit Blvd, Wellness City, WC 01234');

INSERT INTO Medication (MedicationID, Name, Description, ExpirationDate, Price, ProductionDate, Country) VALUES
(1, 'Paracetamol', 'Used for pain and fever', '2025-12-16', 327.7, '2025-01-15', 'USA'),
(2, 'Ibuprofen', 'Anti-inflammatory', '2025-09-24', 362.8, '2024-12-30', 'Canada'),
(3, 'Aspirin', 'Pain relief, fever reducer', '2026-10-17', 137.8, '2025-07-10', 'Germany'),
(4, 'Amoxicillin', 'Antibiotic', '2026-12-03', 297.3, '2025-11-20', 'France'),
(5, 'Metformin', 'Used for diabetes', '2025-06-12', 361.5, '2024-08-05', 'UK'),
(6, 'Amlodipine', 'For high blood pressure', '2025-12-07', 279.9, '2025-03-18', 'India'),
(7, 'Simvastatin', 'Cholesterol-lowering', '2025-08-07', 199.4, '2025-02-14', 'Australia'),
(8, 'Omeprazole', 'Reduces stomach acid', '2026-03-26', 582.6, '2024-10-22', 'USA'),
(9, 'Nimesil', 'For pain and fever', '2025-03-17', 184.9, '2025-05-29', 'Germany'),
(10, 'Lisinopril', 'High blood pressure treatment', '2026-01-04', 252.1, '2024-11-11', 'Canada'),
(11, 'Losartan', 'Used for hypertension', '2024-12-26', 366.9, '2025-01-30', 'France'),
(12, 'Clopidogrel', 'Prevents blood clots', '2025-05-21', 387.3, '2024-09-17', 'UK'),
(13, 'Atorvastatin', 'Lowers cholesterol', '2024-12-27', 201.2, '2025-06-08', 'India'),
(14, 'Levothyroxine', 'Thyroid hormone replacement', '2026-09-18', 348.8, '2025-08-03', 'Australia'),
(15, 'Gabapentin', 'For seizures and neuropathic pain', '2024-11-11', 118.9, '2025-04-19', 'USA'),
(16, 'Metoprolol', 'For hypertension', '2026-05-01', 325.9, '2025-10-30', 'Germany'),
(17, 'Sertraline', 'Used for depression', '2026-11-02', 228.5, '2024-07-12', 'Canada'),
(18, 'Citalopram', 'Antidepressant', '2025-04-19', 253.3, '2025-11-03', 'France'),
(19, 'Warfarin', 'Anticoagulant', '2026-02-02', 293.4, '2024-12-15', 'UK'),
(20, 'Azithromycin', 'Antibiotic', '2026-07-29', 171.5, '2025-09-22', 'USA');

INSERT INTO Inventory (PharmacyID, StockLevel, MedicationID) VALUES
(1, 10, 1),  -- Paracetamol
(1, 20, 2),  -- Ibuprofen
(1, 5, 3),   -- Aspirin
(1, 15, 4),  -- Amoxicillin
(1, 25, 5),  -- Metformin
(1, 12, 6),  -- Amlodipine
(1, 8, 7),   -- Simvastatin
(1, 30, 8),  -- Omeprazole
(1, 18, 9),  -- Nimesil
(1, 22, 10), -- Lisinopril
(1, 16, 11), -- Losartan
(1, 14, 12), -- Clopidogrel
(1, 9, 13),  -- Atorvastatin
(1, 11, 14), -- Levothyroxine
(1, 7, 15),  -- Gabapentin
(1, 19, 16), -- Metoprolol
(1, 6, 17),  -- Sertraline
(1, 23, 18), -- Citalopram
(1, 28, 19), -- Warfarin
(1, 17, 20), -- Azithromycin
(2, 15, 1),  -- Paracetamol
(2, 25, 2),  -- Ibuprofen
(2, 10, 3),  -- Aspirin
(2, 20, 4),  -- Amoxicillin
(2, 30, 5),  -- Metformin
(2, 18, 6),  -- Amlodipine
(2, 12, 7),  -- Simvastatin
(2, 35, 8),  -- Omeprazole
(2, 20, 9),  -- Nimesil
(2, 24, 10), -- Lisinopril
(2, 20, 11), -- Losartan
(2, 18, 12), -- Clopidogrel
(2, 10, 13), -- Atorvastatin
(2, 15, 14), -- Levothyroxine
(2, 8, 15),  -- Gabapentin
(2, 22, 16), -- Metoprolol
(2, 5, 17),   -- Sertraline
(2, 26, 18), -- Citalopram
(2, 30, 19), -- Warfarin
(2, 14, 20), -- Azithromycin
(3, 20, 1),  -- Paracetamol
(3, 30, 2),  -- Ibuprofen
(3, 7, 3),   -- Aspirin
(3, 25, 4),  -- Amoxicillin
(3, 35, 5),  -- Metformin
(3, 22, 6),  -- Amlodipine
(3, 14, 7),  -- Simvastatin
(3, 40, 8),  -- Omeprazole
(3, 25, 9),  -- Nimesil
(3, 28, 10), -- Lisinopril
(3, 25, 11), -- Losartan
(3, 20, 12), -- Clopidogrel
(3, 15, 13), -- Atorvastatin
(3, 18, 14), -- Levothyroxine
(3, 10, 15), -- Gabapentin
(3, 30, 16), -- Metoprolol
(3, 8, 17),   -- Sertraline
(3, 29, 18), -- Citalopram
(3, 33, 19), -- Warfarin
(3, 20, 20), -- Azithromycin
(4, 12, 1),  -- Paracetamol
(4, 22, 2),  -- Ibuprofen
(4, 6, 3),   -- Aspirin
(4, 18, 4),  -- Amoxicillin
(4, 28, 5),  -- Metformin
(4, 16, 6),  -- Amlodipine
(4, 10, 7),  -- Simvastatin
(4, 32, 8),  -- Omeprazole
(4, 21, 9),  -- Nimesil
(4, 25, 10), -- Lisinopril
(4, 22, 11), -- Losartan
(4, 18, 12), -- Clopidogrel
(4, 13, 13), -- Atorvastatin
(4, 15, 14), -- Levothyroxine
(4, 9, 15),  -- Gabapentin
(4, 24, 16), -- Metoprolol
(4, 7, 17),   -- Sertraline
(4, 27, 18), -- Citalopram
(4, 30, 19), -- Warfarin
(4, 18, 20), -- Azithromycin
(5, 18, 1),  -- Paracetamol
(5, 28, 2),  -- Ibuprofen
(5, 8, 3),   -- Aspirin
(5, 23, 4),  -- Amoxicillin
(5, 33, 5),  -- Metformin
(5, 20, 6),  -- Amlodipine
(5, 13, 7),  -- Simvastatin
(5, 36, 8),  -- Omeprazole
(5, 23, 9),  -- Nimesil
(5, 27, 10), -- Lisinopril
(5, 24, 11), -- Losartan
(5, 20, 12), -- Clopidogrel
(5, 15, 13), -- Atorvastatin
(5, 17, 14), -- Levothyroxine
(5, 11, 15), -- Gabapentin
(5, 26, 16), -- Metoprolol
(5, 9, 17),   -- Sertraline
(5, 28, 18), -- Citalopram
(5, 31, 19), -- Warfarin
(5, 21, 20); -- Azithromycin

INSERT INTO Customer (CustomerID, Name, ContactInfo, LoyaltyPoints, Discount) 
VALUES 
  (1, 'Guest', '+37400000000', 0, 0), 
  (2, 'Sona Harutyunyan', '+374 96 234 567', 50, 0.03), 
  (3, 'Hrach Aleksanyan', '+374 93 345 678', 75, 0.04), 
  (4, 'Lilit Sarkisyan', '+374 94 456 789', 200, 0.07), 
  (5, 'Gor Harutyunyan', '+374 95 567 890', 150, 0.06), 
  (6, 'Narine Karapetyan', '+374 96 678 901', 120, 0.05), 
  (7, 'Vahan Grigoryan', '+374 98 789 012', 90, 0.04), 
  (8, 'Lilit Baghdasaryan', '+374 99 890 123', 80, 0.03), 
  (9, 'Artur Karapetyan', '+374 33 901 234', 110, 0.05), 
  (10, 'Armen Asatryan', '+374 44 010 203', 130, 0.06), 
  (11, 'Artur Nazaryan', '+374 55 890 234', 70, 0.03), 
  (12, 'Armen Martirosyan', '+374 41 222 567', 180, 0.08), 
  (13, 'Armen Davtyan', '+374 43 334 789', 220, 0.09), 
  (14, 'Armen Hakobyan', '+374 77 445 890', 40, 0.02), 
  (15, 'Gor Mkrtchyan', '+374 96 556 678', 85, 0.04), 
  (16, 'Narine Tavosyan', '+374 96 667 901', 95, 0.05), 
  (17, 'Garik Grigoryan', '+374 98 778 234', 60, 0.03), 
  (18, 'Sona Barseghyan', '+374 99 889 456', 105, 0.04), 
  (19, 'Saro Barseghyan', '+374 33 990 678', 125, 0.05), 
  (20, 'Sarin Arzumanyan', '+374 44 123 890', 145, 0.06), 
  (21, 'Martin Sarkisyan', '+374 41 234 567', 75, 0.04), 
  (22, 'Sergey Grigoryan', '+374 43 345 678', 115, 0.05), 
  (23, 'Artur Martirosyan', '+374 77 456 789', 135, 0.06), 
  (24, 'Narine Aleksanyan', '+374 91 567 890', 65, 0.03), 
  (25, 'Hakim Harutyunyan', '+374 77 678 901', 55, 0.02), 
  (26, 'Gor Grigoryan', '+374 96 789 012', 165, 0.07), 
  (27, 'Sona Grigoryan', '+374 98 890 123', 140, 0.06), 
  (28, 'Armen Grigoryan', '+374 99 901 234', 170, 0.07), 
  (29, 'Garik Asatryan', '+374 33 010 203', 190, 0.08), 
  (30, 'Sarin Karapetyan', '+374 44 112 345', 210, 0.09), 
  (31, 'Vardan Baghdasaryan', '+374 41 222 567', 220, 0.1), 
  (32, 'Ani Baghdasaryan', '+374 43 334 789', 230, 0.11), 
  (33, 'Tigran Avagyan', '+374 77 445 890', 240, 0.12), 
  (34, 'Lusine Hovhannisyan', '+374 98 556 678', 250, 0.13), 
  (35, 'Karen Grigoryan', '+374 91 667 901', 260, 0.14), 
  (36, 'Mariam Sargsyan', '+374 95 778 234', 270, 0.15), 
  (37, 'Hayk Petrosyan', '+374 77 889 456', 280, 0.16), 
  (38, 'Anahit Hakobyan', '+374 91 990 678', 290, 0.17), 
  (39, 'Ruben Manukyan', '+374 93 123 890', 300, 0.18), 
  (40, 'Liana Baghdasaryan', '+374 33 234 567', 310, 0.19);

INSERT INTO Orders (OrderID, Date, OrderStatus, EstimatedDeliveryDate, SupplierID)VALUES
(1, '2024-04-09', 'Pending', '2024-05-03', 8),(2, '2024-04-13', 'Completed', '2024-04-22', 7),
(3, '2024-03-03', 'Completed', '2024-03-19', 4),(4, '2024-03-12', 'Pending', '2024-03-21', 9),
(5, '2024-02-28', 'Pending', '2024-03-08', 7),(6, '2024-03-19', 'Completed', '2024-03-21', 5),
(7, '2024-03-17', 'On the Way', '2024-04-04', 6),(8, '2024-03-14', 'Pending', '2024-03-15', 3),
(9, '2024-03-01', 'On the Way', '2024-03-03', 7),(10, '2024-03-07', 'Pending', '2024-04-05', 8),
(11, '2024-04-05', 'Completed', '2024-04-26', 2),(12, '2024-03-07', 'On the Way', '2024-04-06', 9),
(13, '2024-04-10', 'Completed', '2024-04-23', 8),(14, '2024-04-17', 'Completed', '2024-05-09', 4),
(15, '2024-04-08', 'On the Way', '2024-04-21', 4),(16, '2024-03-18', 'Completed', '2024-03-20', 8),
(17, '2024-03-18', 'Completed', '2024-03-25', 2),(18, '2024-03-05', 'On the Way', '2024-03-31', 10),
(19, '2024-04-24', 'Completed', '2024-05-18', 1),(20, '2024-04-13', 'Completed', '2024-04-25', 2),
(21, '2024-04-09', 'Pending', '2024-05-03', 8), 
(22, '2024-04-13', 'Completed', '2024-04-22', 10), 
(23, '2024-03-03', 'Completed', '2024-03-19', 3), 
(24, '2024-03-12', 'Pending', '2024-03-21', 9), 
(25, '2024-02-28', 'Pending', '2024-03-08', 4), 
(26, '2024-03-19', 'Completed', '2024-03-21', 9), 
(27, '2024-03-17', 'On the Way', '2024-04-04', 6), 
(28, '2024-03-14', 'Pending', '2024-03-15', 1), 
(29, '2024-03-01', 'On the Way', '2024-03-03', 7), 
(30, '2024-03-07', 'Pending', '2024-04-05', 8), 
(31, '2024-04-05', 'Completed', '2024-04-26', 2), 
(32, '2024-03-07', 'On the Way', '2024-04-06', 9), 
(33, '2024-04-10', 'Completed', '2024-04-23', 8), 
(34, '2024-04-17', 'Completed', '2024-05-09', 5), 
(35, '2024-04-08', 'On the Way', '2024-04-21', 4), 
(36, '2024-03-18', 'Completed', '2024-03-20', 7), 
(37, '2024-03-18', 'Completed', '2024-03-25', 3), 
(38, '2024-03-05', 'On the Way', '2024-03-31', 10), 
(39, '2024-04-24', 'Completed', '2024-05-18', 4), 
(40, '2024-04-13', 'Completed', '2024-04-25', 10);

INSERT INTO OrderDetails (OrderDetailsId, OrderID, Quantity, Price, MedicationID) VALUES
(1, 1, 3, 1200.50, 15),
(2, 2, 6, 4500.00, 8),(3, 3, 2, 3000.75, 10),
(4, 4, 5, 2000.20, 4),(5, 5, 4, 3500.00, 1),
(6, 6, 1, 1500.30, 20),(7, 7, 9, 4800.00, 14),
(8, 8, 7, 2500.45, 11),(9, 9, 8, 3200.55, 13),
(10, 10, 2, 2900.00, 7),(11, 11, 3, 2200.10, 5),
(12, 12, 5, 4100.00, 19),(13, 13, 4, 4700.75, 18),
(14, 14, 6, 3400.65, 2),(15, 15, 1, 1600.00, 16),
(16, 16, 8, 2300.90, 6),(17, 17, 7, 3900.35, 9),
(18, 18, 9, 1800.25, 12),(19, 19, 10, 2600.45, 3),
(20, 20, 3, 2100.60, 17),(21, 21, 6, 4500.00, 1),
(22, 22, 2, 2800.30, 9),(23, 23, 5, 3200.25, 2),
(24, 24, 4, 4600.50, 20),(25, 25, 1, 1200.70, 8),
(26, 26, 9, 3100.00, 11),(27, 27, 7, 2300.15, 6),
(28, 28, 8, 2200.85, 4),(29, 29, 10, 1400.95, 12),
(30, 30, 3, 4900.60, 13),(31, 31, 2, 4300.20, 15),
(32, 32, 4, 1500.40, 7),(33, 33, 6, 3600.80, 14),
(34, 34, 5, 1900.35, 10),(35, 35, 1, 3700.90, 5),
(36, 36, 8, 2800.60, 19),(37, 37, 7, 1700.25, 18),
(38, 38, 9, 2500.50, 3),(39, 39, 10, 3500.75, 17),
(40, 40, 3, 4500.00, 16);

INSERT INTO Transaction (TransactionID, TotalPrice, Date, EmployeeID, CustomerID) VALUES(1, 1329.87, '2024-03-25', 9, 28),
(2, 5651.22, '2024-04-02', 6, 8),(3, 1427.04, '2024-02-07', 5, 24),
(4, 1973.79, '2024-01-14', 8, 18),(5, 2412.62, '2024-04-27', 1, 30),
(6, 1695.366, '2024-03-03', 7, 22),(7, 2706.688, '2024-02-16', 2, 11),
(8, 3548.034, '2024-01-22', 4, 2),(9, 1074.816, '2024-04-14', 5, 34),
(10, 1353.926, '2024-02-25', 3, 7),(11, 705.348, '2024-01-04', 6, 17),
(12, 359.562, '2024-04-17', 1, 37),(13, 1300.836, '2024-01-16', 2, 14),
(14, 493.92, '2024-02-04', 7, 35),(15, 364.062, '2024-04-20', 9, 21),
(16, 2077.06, '2024-03-19', 4, 10),(17, 1199.312, '2024-02-02', 8, 39),
(18, 1245.26, '2024-01-06', 3, 29),(19, 1212.64, '2024-01-29', 5, 6),
(20, 532.512, '2024-04-11', 6, 33),(21, 3325.8, '2024-03-14', 1, 3),
(22, 1042.836, '2024-01-26', 2, 12),(23, 1641.384, '2024-02-13', 7, 20),
(24, 1466.325, '2024-03-23', 4, 40),(25, 2387.224, '2024-02-19', 8, 16),
(26, 1723.3, '2024-01-09', 3, 23),(27, 1513.024, '2024-01-31', 9, 9),
(28, 4352.022, '2024-04-06', 5, 27),(29, 1183.056, '2024-03-07', 1, 38),
(30, 484.032, '2024-02-22', 6, 25),(31, 173.806, '2024-01-19', 2, 15),
(32, 916.37, '2024-04-18', 7, 5),(33, 2467.101, '2024-03-21', 8, 1),
(34, 239.495, '2024-02-05', 3, 13),(35, 1432.544, '2024-01-11', 4, 19),
(36, 311.865, '2024-04-24', 9, 32),(37, 2521.323, '2024-03-04', 5, 36),
(38, 774.039, '2024-01-27', 1, 26),(39, 1872.99, '2024-02-14', 6, 4),
(40, 1635.08, '2024-04-01', 2, 31),(41, 1531.392, '2024-03-10', 8, 39),
(42, 3103.974, '2024-02-23', 7, 18),(43, 1503.53, '2024-01-20', 4, 10),
(44, 1047.28, '2024-04-12', 3, 27),(45, 2246.272, '2024-03-09', 6, 16),
(46, 350.655, '2024-01-08', 5, 29),(47, 399.504, '2024-04-05', 1, 2),
(48, 2343.936, '2024-02-12', 9, 37),(49, 2561.382, '2024-01-05', 7, 21),
(50, 548.604, '2024-03-15', 2, 8),(51, 2505.18, '2024-04-08', 8, 14),
(52, 3434.25, '2024-02-29', 3, 35),(53, 3136.995, '2024-01-02', 6, 19),
(54, 947.896, '2024-01-17', 4, 6),(55, 1329.87, '2024-04-21', 1, 23),
(56, 1269.632, '2024-03-02', 9, 11),(57, 831.775, '2024-02-10', 5, 30),
(58, 2153.05, '2024-01-28', 2, 17),(59, 1828.566, '2024-04-23', 7, 36),
(60, 2815.328, '2024-03-25', 1, 28),(61, 665.42, '2024-04-02', 2, 8),
(62, 1115.424, '2024-02-07', 3, 24),(63, 168.259, '2024-01-14', 4, 18),
(64, 1302.45, '2024-04-27', 5, 30),(65, 922.664, '2024-03-03', 6, 22),
(66, 2845.98, '2024-02-16', 7, 11),(67, 440.742, '2024-01-22', 8, 2),
(68, 1074.816, '2024-04-14', 9, 34),(69, 133.666, '2024-02-25', 10, 7),
(70, 432.18, '2024-01-04', 11, 17),(71, 1496.928, '2024-04-17', 12, 37),
(72, 751.362, '2024-03-25', 13, 28),(73, 1153.524, '2024-04-02', 14, 8),
(74, 2786.304, '2024-02-07', 15, 24),(75, 800.982, '2024-01-14', 16, 18),
(76, 619.21, '2024-04-27', 17, 30),(77, 350.655, '2024-03-03', 18, 22),
(78, 1614.177, '2024-02-16', 19, 11),(79, 570.198, '2024-01-22', 20, 2),
(80, 2009.088, '2024-04-14', 3, 34),(81, 773.672, '2024-02-25', 12, 7),
(82, 575.82, '2024-01-04', 15, 17),(83, 884.616, '2024-04-17', 14, 37),
(84, 1779.465, '2024-03-25', 5, 28),(85, 2276.784, '2024-04-02', 6, 8),
(86, 1677.888, '2024-02-07', 17, 24),(87, 1147.055, '2024-01-14', 18, 18),
(88, 2824.35, '2024-04-27', 9, 30),(89, 1818.522, '2024-03-03', 10, 22),
(90, 935.662, '2024-03-25', 1, 28),(91, 1951.64, '2024-04-02', 2, 8),
(92, 1481.76, '2024-02-07', 3, 24),(93, 1789.242, '2024-01-14', 4, 18),
(94, 3101.94, '2024-04-27', 5, 30),(95, 701.31, '2024-03-03', 6, 22),
(96, 2457.01, '2024-02-16', 7, 11),(97, 1810.557, '2024-01-22', 8, 2),
(98, 957.12, '2024-04-14', 9, 34),(99, 230.666, '2024-02-25', 10, 7);

INSERT INTO TransactionDetails (TransactionID, TransactionDetailsID, MedicationID, Quantity, Discount, FinalPrice) VALUES(1, 1, 17, 6, 0.03, 1329.87),
(2, 2, 8, 10, 0.03, 5651.22),(3, 3, 4, 5, 0.04, 1427.04),
(4, 4, 5, 6, 0.09, 1973.79),(5, 5, 2, 7, 0.05, 2412.62),
(6, 6, 8, 3, 0.03, 1695.366),(7, 7, 14, 8, 0.03, 2706.688),
(8, 8, 8, 7, 0.13, 3548.034),(9, 9, 6, 4, 0.04, 1074.816),
(10, 10, 7, 7, 0.03, 1353.926),(11, 11, 6, 3, 0.16, 705.348),
(12, 12, 11, 1, 0.02, 359.562),(13, 13, 10, 6, 0.14, 1300.836),
(14, 14, 20, 3, 0.04, 493.92),(15, 15, 12, 1, 0.06, 364.062),
(16, 16, 18, 10, 0.18, 2077.06),(17, 17, 16, 4, 0.08, 1199.312),
(18, 18, 1, 4, 0.05, 1245.26),(19, 19, 3, 10, 0.12, 1212.64),
(20, 20, 9, 3, 0.04, 532.512),(21, 21, 5, 10, 0.08, 3325.8),
(22, 22, 9, 6, 0.06, 1042.836),(23, 23, 18, 8, 0.19, 1641.384),
(24, 24, 20, 9, 0.05, 1466.325),(25, 25, 2, 7, 0.06, 2387.224),
(26, 26, 2, 5, 0.05, 1723.3),(27, 27, 13, 8, 0.06, 1513.024),
(28, 28, 8, 9, 0.17, 4352.022),(29, 29, 13, 6, 0.02, 1183.056),
(30, 30, 10, 2, 0.04, 484.032),(31, 31, 9, 1, 0.06, 173.806),
(32, 32, 3, 7, 0.05, 916.37),(33, 33, 12, 7, 0.09, 2467.101),
(34, 34, 10, 1, 0.05, 239.495),(35, 35, 13, 8, 0.11, 1432.544),
(36, 36, 11, 1, 0.15, 311.865),(37, 37, 12, 7, 0.07, 2521.323),
(38, 38, 15, 7, 0.07, 774.039),(39, 39, 4, 7, 0.1, 1872.99),
(40, 40, 7, 10, 0.18, 1635.08),(41, 41, 7, 8, 0.04, 1531.392),
(42, 42, 11, 9, 0.06, 3103.974),(43, 43, 17, 7, 0.06, 1503.53),
(44, 44, 3, 8, 0.05, 1047.28),(45, 45, 14, 7, 0.08, 2246.272),
(46, 46, 5, 1, 0.03, 350.655),(47, 47, 15, 4, 0.16, 399.504),
(48, 48, 14, 7, 0.04, 2343.936),(49, 49, 19, 9, 0.03, 2561.382),
(50, 50, 6, 2, 0.02, 548.604),(51, 51, 8, 5, 0.14, 2505.18),
(52, 52, 5, 10, 0.05, 3434.25),(53, 53, 11, 9, 0.05, 3136.995),
(54, 54, 10, 4, 0.06, 947.896),(55, 55, 17, 6, 0.03, 1329.87),
(56, 56, 14, 4, 0.09, 1269.632),(57, 57, 20, 5, 0.03, 831.775),
(58, 58, 18, 10, 0.15, 2153.05),(59, 59, 1, 6, 0.07, 1828.566),
(60, 60, 2, 8, 0.03, 2815.328),(61, 61, 20, 4, 0.03, 665.42),
(62, 62, 12, 3, 0.04, 1115.424),(63, 63, 9, 1, 0.09, 168.259),
(64, 64, 17, 6, 0.05, 1302.45),(65, 65, 15, 8, 0.03, 922.664),
(66, 66, 19, 10, 0.03, 2845.98),
(67, 67, 18, 2, 0.13, 440.742),(68, 68, 6, 4, 0.04, 1074.816),
(69, 69, 3, 1, 0.03, 133.666),(70, 70, 20, 3, 0.16, 432.18),
(71, 71, 13, 8, 0.07, 1496.928),(72, 72, 12, 2, 0.03, 751.362),
(73, 73, 4, 4, 0.03, 1153.524),(74, 74, 2, 8, 0.04, 2786.304),
(75, 75, 19, 3, 0.09, 800.982),(76, 76, 16, 2, 0.05, 619.21),
(77, 77, 5, 1, 0.03, 350.655),(78, 78, 9, 9, 0.03, 1614.177),
(79, 79, 1, 2, 0.13, 570.198),(80, 80, 14, 6, 0.04, 2009.088),
(81, 81, 7, 4, 0.03, 773.672),(82, 82, 17, 3, 0.16, 575.82),
(83, 83, 15, 8, 0.07, 884.616),(84, 84, 11, 5, 0.03, 1779.465),
(85, 85, 19, 8, 0.03, 2276.784),(86, 86, 8, 3, 0.04, 1677.888),
(87, 87, 10, 5, 0.09, 1147.055),(88, 88, 4, 10, 0.05, 2824.35),
(89, 89, 16, 6, 0.07, 1818.522),
(90, 90, 3, 7, 0.03, 935.662),(91, 91, 13, 10, 0.03, 1951.64),
(92, 92, 20, 9, 0.04, 1481.76),(93, 93, 1, 6, 0.09, 1789.242),
(94, 94, 2, 9, 0.05, 3101.94),(95, 95, 5, 2, 0.03, 701.31),
(96, 96, 18, 10, 0.03, 2457.01),(97, 97, 4, 7, 0.13, 1810.557),
(98, 98, 7, 5, 0.04, 957.12),(99, 99, 15, 2, 0.03, 230.666);

INSERT INTO InventoryTransfer (TransferID, TransferDate, Quantity, MedicationID, SourcePharmacyID, DestPharmacyID) VALUES(1, '2023-06-15', 45, 12, 5, 1),
(2, '2023-11-22', 77, 14, 3, 4),(3, '2023-11-26', 73, 2, 2, 1),
(4, '2023-01-03', 2, 16, 4, 2),(5, '2022-09-13', 71, 14, 3, 5),
(6, '2023-05-21', 9, 6, 3, 2),(7, '2024-03-17', 81, 18, 5, 1),
(8, '2023-11-01', 35, 10, 5, 4),(9, '2023-03-08', 92, 9, 3, 1),
(10, '2023-05-19', 41, 11, 3, 5),(11, '2023-11-28', 1, 17, 2, 4),
(12, '2023-02-04', 60, 2, 2, 5),(13, '2023-08-07', 98, 8, 5, 4),
(14, '2023-05-20', 21, 7, 1, 3),(15, '2022-05-13', 95, 8, 3, 4),
(16, '2022-11-15', 98, 14, 5, 2),(17, '2023-03-22', 96, 15, 1, 5),
(18, '2024-03-28', 22, 15, 5, 1),(19, '2023-08-05', 35, 9, 1, 4),
(20, '2023-07-18', 12, 10, 4, 3);

SELECT * FROM Locations;
SELECT * FROM Pharmacy;
SELECT * FROM Supplier;
SELECT * FROM Medication;
SELECT * FROM Customer;
SELECT * FROM Employee;
SELECT * FROM Inventory;
SELECT * FROM Orders;
SELECT * FROM OrderDetails;
SELECT * FROM Transaction;
SELECT * FROM TransactionDetails;
SELECT * FROM InventoryTransfer;
